[
  {
    "description": "",
    "elements": [
      {
        "description": "",
        "id": "login-test-android;create-automated-test-for-mobile-application-login-through-google-account",
        "keyword": "Scenario",
        "line": 3,
        "name": "Create automated test for mobile application login through google account",
        "steps": [
          {
            "keyword": "Before",
            "hidden": true,
            "result": {
              "status": "passed",
              "duration": 3000000
            }
          },
          {
            "keyword": "Before",
            "hidden": true,
            "result": {
              "status": "passed",
              "duration": 20000000
            }
          },
          {
            "arguments": [],
            "keyword": "When ",
            "line": 4,
            "name": "User launch and login to carbon voice android application through google account",
            "match": {
              "location": "features\\step_definitions\\loginPageSteps.js:7"
            },
            "result": {
              "status": "passed",
              "duration": 60052000000
            }
          },
          {
            "arguments": [],
            "keyword": "Then ",
            "line": 5,
            "name": "Verify user is logged in successfully",
            "match": {
              "location": "features\\step_definitions\\loginPageSteps.js:48"
            },
            "result": {
              "status": "passed",
              "duration": 1934000000
            }
          },
          {
            "keyword": "After",
            "hidden": true,
            "result": {
              "status": "passed",
              "duration": 0
            }
          },
          {
            "keyword": "After",
            "hidden": true,
            "result": {
              "status": "passed",
              "duration": 2008000000
            }
          }
        ],
        "tags": [],
        "type": "scenario"
      }
    ],
    "id": "login-test-android",
    "line": 1,
    "keyword": "Feature",
    "name": "Login test android",
    "tags": [],
    "uri": "features\\feature_files\\login.feature"
  },
  {
    "description": "",
    "elements": [
      {
        "description": "",
        "id": "create-new-direct-message;create-a-new-direct-message",
        "keyword": "Scenario",
        "line": 8,
        "name": "Create a new direct message",
        "steps": [
          {
            "keyword": "Before",
            "hidden": true,
            "result": {
              "status": "passed",
              "duration": 1000000
            }
          },
          {
            "keyword": "Before",
            "hidden": true,
            "result": {
              "status": "passed",
              "duration": 2000000
            }
          },
          {
            "arguments": [],
            "keyword": "When ",
            "line": 5,
            "name": "User launch and login to carbon voice android application through google account",
            "match": {
              "location": "features\\step_definitions\\loginPageSteps.js:7"
            },
            "result": {
              "status": "passed",
              "duration": 64878000000
            }
          },
          {
            "arguments": [],
            "keyword": "Then ",
            "line": 6,
            "name": "Verify user is logged in successfully",
            "match": {
              "location": "features\\step_definitions\\loginPageSteps.js:48"
            },
            "result": {
              "status": "passed",
              "duration": 1801000000
            }
          },
          {
            "arguments": [],
            "keyword": "When ",
            "line": 9,
            "name": "User press the create new direct message button",
            "match": {
              "location": "features\\step_definitions\\NewDirectMessageSteps.js:7"
            },
            "result": {
              "status": "passed",
              "duration": 11088000000
            }
          },
          {
            "arguments": [],
            "keyword": "Then ",
            "line": 10,
            "name": "Complete all the steps",
            "match": {
              "location": "features\\step_definitions\\NewDirectMessageSteps.js:16"
            },
            "result": {
              "status": "passed",
              "duration": 5844000000
            }
          },
          {
            "arguments": [],
            "keyword": "Then ",
            "line": 11,
            "name": "Verify that the direct message was created",
            "match": {
              "location": "features\\step_definitions\\NewDirectMessageSteps.js:23"
            },
            "result": {
              "status": "passed",
              "duration": 961000000
            }
          },
          {
            "keyword": "After",
            "hidden": true,
            "result": {
              "status": "passed",
              "duration": 0
            }
          },
          {
            "keyword": "After",
            "hidden": true,
            "result": {
              "status": "passed",
              "duration": 1890000000
            }
          }
        ],
        "tags": [],
        "type": "scenario"
      }
    ],
    "id": "create-new-direct-message",
    "line": 2,
    "keyword": "Feature",
    "name": "Create New Direct Message",
    "tags": [],
    "uri": "features\\feature_files\\NewDirectMessage.feature"
  },
  {
    "description": "",
    "elements": [
      {
        "description": "",
        "id": "create-new-named-conversation;create-a-new-named-conversation",
        "keyword": "Scenario",
        "line": 8,
        "name": "Create a new named conversation",
        "steps": [
          {
            "keyword": "Before",
            "hidden": true,
            "result": {
              "status": "passed",
              "duration": 1000000
            }
          },
          {
            "keyword": "Before",
            "hidden": true,
            "result": {
              "status": "passed",
              "duration": 1000000
            }
          },
          {
            "arguments": [],
            "keyword": "When ",
            "line": 5,
            "name": "User launch and login to carbon voice android application through google account",
            "match": {
              "location": "features\\step_definitions\\loginPageSteps.js:7"
            },
            "result": {
              "status": "passed",
              "duration": 59675000000
            }
          },
          {
            "arguments": [],
            "keyword": "Then ",
            "line": 6,
            "name": "Verify user is logged in successfully",
            "match": {
              "location": "features\\step_definitions\\loginPageSteps.js:48"
            },
            "result": {
              "status": "passed",
              "duration": 1973000000
            }
          },
          {
            "arguments": [],
            "keyword": "When ",
            "line": 9,
            "name": "User press the create new named conversation button",
            "match": {
              "location": "features\\step_definitions\\NewNameConvSteps.js:7"
            },
            "result": {
              "status": "passed",
              "duration": 12281000000
            }
          },
          {
            "arguments": [],
            "keyword": "Then ",
            "line": 10,
            "name": "complete all the steps",
            "match": {
              "location": "features\\step_definitions\\NewNameConvSteps.js:16"
            },
            "result": {
              "status": "passed",
              "duration": 7422000000
            }
          },
          {
            "arguments": [],
            "keyword": "Then ",
            "line": 11,
            "name": "Verify that the conversation was created",
            "match": {
              "location": "features\\step_definitions\\NewNameConvSteps.js:24"
            },
            "result": {
              "status": "passed",
              "duration": 976000000
            }
          },
          {
            "keyword": "After",
            "hidden": true,
            "result": {
              "status": "passed",
              "duration": 0
            }
          },
          {
            "keyword": "After",
            "hidden": true,
            "result": {
              "status": "passed",
              "duration": 1941000000
            }
          }
        ],
        "tags": [],
        "type": "scenario"
      }
    ],
    "id": "create-new-named-conversation",
    "line": 2,
    "keyword": "Feature",
    "name": "Create New Named Conversation",
    "tags": [],
    "uri": "features\\feature_files\\NewNamedConv.feature"
  }
]